id,themes_uuid,title,description,backgroundimage,background_gradient,meta,created_at,updated_at
Büro,arbeit,Büro,,buero_bg.png,"[""#34495e"", ""#2c3e50""]","{""spawnRate"": 1.5, ""waveDuration"": 3, ""music"": ""buero_theme.mp3"", ""particleEffect"": ""office_particles""}",2025-01-27,2025-11-30
Wecker,aufstehen,Wecker,,wecker_bg.png,"[""#f39c12"", ""#e67e22""]","{""spawnRate"": 1.5, ""waveDuration"": 3, ""music"": ""wecker_theme.mp3"", ""particleEffect"": ""morning_particles""}",2025-01-27,2025-11-30
Extremlange_Woerter,chaos_planet,Extremlange Woerter,,extremlange_bg.png,"[""#8e44ad"", ""#9b59b6""]","{""spawnRate"": 2.0, ""waveDuration"": 5, ""music"": ""chaos_theme.mp3"", ""particleEffect"": ""chaos_particles""}",2025-01-27,2025-11-30
Viele_Items,chaos_planet,Viele Items,,viele_items_bg.png,"[""#e67e22"", ""#d35400""]","{""spawnRate"": 3.0, ""waveDuration"": 10, ""music"": ""chaos_theme.mp3"", ""particleEffect"": ""chaos_particles""}",2025-01-27,2025-11-30
Extreme_Werte,chaos_planet,Extreme Werte,,extreme_werte_bg.png,"[""#c0392b"", ""#a93226""]","{""spawnRate"": 0.5, ""waveDuration"": 1, ""music"": ""chaos_theme.mp3"", ""particleEffect"": ""chaos_particles""}",2025-01-27,2025-11-30
Sonderzeichen_Mix,chaos_planet,Sonderzeichen Mix,,sonderzeichen_bg.png,"[""#16a085"", ""#1abc9c""]","{""spawnRate"": 1.5, ""waveDuration"": 3, ""music"": ""chaos_theme.mp3"", ""particleEffect"": ""chaos_particles""}",2025-01-27,2025-11-30
Supermarkt,einkaufen,Supermarkt,,supermarkt_bg.png,"[""#3498db"", ""#2980b9""]","{""spawnRate"": 1.5, ""waveDuration"": 3, ""music"": ""supermarkt_theme.mp3"", ""particleEffect"": ""shopping_particles""}",2025-01-27,2025-11-30
Hobbys,freizeit,Hobbys,,hobbys_bg.png,"[""#27ae60"", ""#229954""]","{""spawnRate"": 1.5, ""waveDuration"": 3, ""music"": ""hobbys_theme.mp3"", ""particleEffect"": ""leisure_particles""}",2025-01-27,2025-11-30
Fruehstueck,gemischte_levels,Fruehstueck,,fruehstueck_bg.png,"[""#f39c12"", ""#e67e22""]","{""spawnRate"": 1.5, ""waveDuration"": 3, ""music"": ""fruehstueck_theme.mp3"", ""particleEffect"": ""food_particles""}",2025-01-27,2025-11-30
Mittagessen,gemischte_levels,Mittagessen,,mittagessen_bg.png,"[""#e74c3c"", ""#c0392b""]","{""spawnRate"": 1.6, ""waveDuration"": 3, ""music"": ""mittagessen_theme.mp3"", ""particleEffect"": ""meal_particles""}",2025-01-27,2025-11-30
Abendessen,gemischte_levels,Abendessen,,abendessen_bg.png,"[""#34495e"", ""#2c3e50""]","{""spawnRate"": 1.7, ""waveDuration"": 3, ""music"": ""abendessen_theme.mp3"", ""particleEffect"": ""dinner_particles""}",2025-01-27,2025-11-30
Snacks,gemischte_levels,Snacks,,snacks_bg.png,"[""#f1c40f"", ""#f39c12""]","{""spawnRate"": 1.4, ""waveDuration"": 3, ""music"": ""snacks_theme.mp3"", ""particleEffect"": ""snack_particles""}",2025-01-27,2025-11-30
Getraenke,gemischte_levels,Getraenke,,getraenke_bg.png,"[""#3498db"", ""#2980b9""]","{""spawnRate"": 1.5, ""waveDuration"": 3, ""music"": ""getraenke_theme.mp3"", ""particleEffect"": ""drink_particles""}",2025-01-27,2025-11-30
Backen,gemischte_levels,Backen,,backen_bg.png,"[""#d35400"", ""#a04000""]","{""spawnRate"": 1.6, ""waveDuration"": 3, ""music"": ""backen_theme.mp3"", ""particleEffect"": ""baking_particles""}",2025-01-27,2025-11-30
Putzen,gemischte_levels,Putzen,,putzen_bg.png,"[""#95a5a6"", ""#7f8c8d""]","{""spawnRate"": 1.8, ""waveDuration"": 3, ""music"": ""putzen_theme.mp3"", ""particleEffect"": ""cleaning_particles""}",2025-01-27,2025-11-30
Bett,schlafen,Bett,,bett_bg.png,"[""#9b59b6"", ""#8e44ad""]","{""spawnRate"": 1.5, ""waveDuration"": 3, ""music"": ""bett_theme.mp3"", ""particleEffect"": ""sleep_particles""}",2025-01-27,2025-11-30
Auto,zufaellige_levels,Auto,,auto_bg.png,"[""#e74c3c"", ""#c0392b""]","{""spawnRate"": 1.5, ""waveDuration"": 3, ""music"": ""auto_theme.mp3"", ""particleEffect"": ""car_particles""}",2025-01-27,2025-11-30
Fahrrad,zufaellige_levels,Fahrrad,,fahrrad_bg.png,"[""#3498db"", ""#2980b9""]","{""spawnRate"": 1.4, ""waveDuration"": 3, ""music"": ""fahrrad_theme.mp3"", ""particleEffect"": ""bike_particles""}",2025-01-27,2025-11-30
Bus,zufaellige_levels,Bus,,bus_bg.png,"[""#f39c12"", ""#e67e22""]","{""spawnRate"": 1.6, ""waveDuration"": 3, ""music"": ""bus_theme.mp3"", ""particleEffect"": ""bus_particles""}",2025-01-27,2025-11-30
Bahn,zufaellige_levels,Bahn,,bahn_bg.png,"[""#9b59b6"", ""#8e44ad""]","{""spawnRate"": 1.5, ""waveDuration"": 3, ""music"": ""bahn_theme.mp3"", ""particleEffect"": ""train_particles""}",2025-01-27,2025-11-30
Flugzeug,zufaellige_levels,Flugzeug,,flugzeug_bg.png,"[""#ecf0f1"", ""#bdc3c7""]","{""spawnRate"": 1.7, ""waveDuration"": 3, ""music"": ""flugzeug_theme.mp3"", ""particleEffect"": ""plane_particles""}",2025-01-27,2025-11-30
Schiff,zufaellige_levels,Schiff,,schiff_bg.png,"[""#3498db"", ""#2980b9""]","{""spawnRate"": 1.6, ""waveDuration"": 3, ""music"": ""schiff_theme.mp3"", ""particleEffect"": ""ship_particles""}",2025-01-27,2025-11-30
Motorrad,zufaellige_levels,Motorrad,,motorrad_bg.png,"[""#e67e22"", ""#d35400""]","{""spawnRate"": 1.5, ""waveDuration"": 3, ""music"": ""motorrad_theme.mp3"", ""particleEffect"": ""motorcycle_particles""}",2025-01-27,2025-11-30
Roller,zufaellige_levels,Roller,,roller_bg.png,"[""#f1c40f"", ""#f39c12""]","{""spawnRate"": 1.4, ""waveDuration"": 3, ""music"": ""roller_theme.mp3"", ""particleEffect"": ""scooter_particles""}",2025-01-27,2025-11-30
Taxi,zufaellige_levels,Taxi,,taxi_bg.png,"[""#f1c40f"", ""#f39c12""]","{""spawnRate"": 1.6, ""waveDuration"": 3, ""music"": ""taxi_theme.mp3"", ""particleEffect"": ""taxi_particles""}",2025-01-27,2025-11-30
LKW,zufaellige_levels,LKW,,lkw_bg.png,"[""#34495e"", ""#2c3e50""]","{""spawnRate"": 1.8, ""waveDuration"": 3, ""music"": ""lkw_theme.mp3"", ""particleEffect"": ""truck_particles""}",2025-01-27,2025-11-30
Italian,brainrot,Italian,,,"[""#e17055"", ""#fdcb6e""]","{""spawnRate"": 1.5, ""waveDuration"": 3, ""music"": ""italian_brainrot_theme.mp3"", ""particleEffect"": ""brainrot_particles""}",2025-01-27,2025-11-30
Bottoms_Pants,fashion_beauty,Bottoms Pants,,,"[""#c44569"", ""#ff6b9d""]","{""spawnRate"": 1.5, ""waveDuration"": 3, ""music"": ""fashion_bottoms_theme.mp3"", ""particleEffect"": ""fashion_particles""}",2025-01-27,2025-11-30
Tops_Tees,fashion_beauty,Tops Tees,,,"[""#ff6b9d"", ""#ff8fb3""]","{""spawnRate"": 1.5, ""waveDuration"": 3, ""music"": ""fashion_tops_theme.mp3"", ""particleEffect"": ""fashion_particles""}",2025-01-27,2025-11-30
Outerwear,fashion_beauty,Outerwear,,,"[""#c44569"", ""#d63384""]","{""spawnRate"": 1.6, ""waveDuration"": 3, ""music"": ""fashion_outerwear_theme.mp3"", ""particleEffect"": ""fashion_particles""}",2025-01-27,2025-11-30
Sneakers_Shoes,fashion_beauty,Sneakers Shoes,,,"[""#ff6b9d"", ""#e91e63""]","{""spawnRate"": 1.5, ""waveDuration"": 3, ""music"": ""fashion_sneakers_theme.mp3"", ""particleEffect"": ""fashion_particles""}",2025-01-27,2025-11-30
Accessoires,fashion_beauty,Accessoires,,,"[""#d63384"", ""#ff6b9d""]","{""spawnRate"": 1.5, ""waveDuration"": 3, ""music"": ""fashion_accessoires_theme.mp3"", ""particleEffect"": ""fashion_particles""}",2025-01-27,2025-11-30
Beauty_Makeup,fashion_beauty,Beauty Makeup,,,"[""#ff8fb3"", ""#ff6b9d""]","{""spawnRate"": 1.5, ""waveDuration"": 3, ""music"": ""beauty_makeup_theme.mp3"", ""particleEffect"": ""beauty_particles""}",2025-01-27,2025-11-30
Style_Trends,fashion_beauty,Style Trends,,,"[""#c44569"", ""#ff6b9d""]","{""spawnRate"": 1.6, ""waveDuration"": 3, ""music"": ""fashion_trends_theme.mp3"", ""particleEffect"": ""trend_particles""}",2025-01-27,2025-11-30
Brands_Shopping,fashion_beauty,Brands Shopping,,,"[""#ff6b9d"", ""#e91e63""]","{""spawnRate"": 1.5, ""waveDuration"": 3, ""music"": ""brands_shopping_theme.mp3"", ""particleEffect"": ""shopping_particles""}",2025-01-27,2025-11-30
Skincare,fashion_beauty,Skincare,,,"[""#ff8fb3"", ""#ff6b9d""]","{""spawnRate"": 1.5, ""waveDuration"": 3, ""music"": ""skincare_theme.mp3"", ""particleEffect"": ""beauty_particles""}",2025-01-27,2025-11-30
Tech_Beauty,fashion_beauty,Tech Beauty,,,"[""#9b59b6"", ""#8e44ad""]","{""spawnRate"": 1.6, ""waveDuration"": 3, ""music"": ""tech_beauty_theme.mp3"", ""particleEffect"": ""tech_particles""}",2025-01-27,2025-11-30
Sustainability,fashion_beauty,Sustainability,,,"[""#00b894"", ""#00a085""]","{""spawnRate"": 1.5, ""waveDuration"": 3, ""music"": ""sustainability_theme.mp3"", ""particleEffect"": ""eco_particles""}",2025-01-27,2025-11-30
Basic_Terms,gaming_esports,Basic Terms,,,"[""#5f3dc4"", ""#6c5ce7""]","{""spawnRate"": 1.5, ""waveDuration"": 3, ""music"": ""gaming_basic_theme.mp3"", ""particleEffect"": ""gaming_particles""}",2025-01-27,2025-11-30
Fortnite,gaming_esports,Fortnite,,,"[""#6c5ce7"", ""#7d6ce8""]","{""spawnRate"": 1.5, ""waveDuration"": 3, ""music"": ""fortnite_theme.mp3"", ""particleEffect"": ""gaming_particles""}",2025-01-27,2025-11-30
Roblox,gaming_esports,Roblox,,,"[""#5f3dc4"", ""#6c5ce7""]","{""spawnRate"": 1.5, ""waveDuration"": 3, ""music"": ""roblox_theme.mp3"", ""particleEffect"": ""gaming_particles""}",2025-01-27,2025-11-30
Minecraft,gaming_esports,Minecraft,,,"[""#6c5ce7"", ""#8d7ce9""]","{""spawnRate"": 1.5, ""waveDuration"": 3, ""music"": ""minecraft_theme.mp3"", ""particleEffect"": ""gaming_particles""}",2025-01-27,2025-11-30
Valorant,gaming_esports,Valorant,,,"[""#5f3dc4"", ""#6c5ce7""]","{""spawnRate"": 1.6, ""waveDuration"": 3, ""music"": ""valorant_theme.mp3"", ""particleEffect"": ""gaming_particles""}",2025-01-27,2025-11-30
Rocket_League,gaming_esports,Rocket League,,,"[""#6c5ce7"", ""#7d6ce8""]","{""spawnRate"": 1.5, ""waveDuration"": 3, ""music"": ""rocket_league_theme.mp3"", ""particleEffect"": ""gaming_particles""}",2025-01-27,2025-11-30
League_of_Legends,gaming_esports,League of Legends,,,"[""#5f3dc4"", ""#6c5ce7""]","{""spawnRate"": 1.6, ""waveDuration"": 3, ""music"": ""lol_theme.mp3"", ""particleEffect"": ""gaming_particles""}",2025-01-27,2025-11-30
CS2,gaming_esports,CS2,,,"[""#6c5ce7"", ""#8d7ce9""]","{""spawnRate"": 1.6, ""waveDuration"": 3, ""music"": ""cs2_theme.mp3"", ""particleEffect"": ""gaming_particles""}",2025-01-27,2025-11-30
Mobile_Games,gaming_esports,Mobile Games,,,"[""#5f3dc4"", ""#6c5ce7""]","{""spawnRate"": 1.5, ""waveDuration"": 3, ""music"": ""mobile_games_theme.mp3"", ""particleEffect"": ""gaming_particles""}",2025-01-27,2025-11-30
Apex_Legends,gaming_esports,Apex Legends,,,"[""#6c5ce7"", ""#7d6ce8""]","{""spawnRate"": 1.5, ""waveDuration"": 3, ""music"": ""apex_theme.mp3"", ""particleEffect"": ""gaming_particles""}",2025-01-27,2025-11-30
Esports_Events,gaming_esports,Esports Events,,,"[""#5f3dc4"", ""#6c5ce7""]","{""spawnRate"": 1.6, ""waveDuration"": 3, ""music"": ""esports_events_theme.mp3"", ""particleEffect"": ""gaming_particles""}",2025-01-27,2025-11-30
Kid_Influencers,gen_alpha_kid_influencer,Kid Influencers,,,"[""#c0392b"", ""#e74c3c""]","{""spawnRate"": 1.5, ""waveDuration"": 3, ""music"": ""kid_influencers_theme.mp3"", ""particleEffect"": ""kid_particles""}",2025-01-27,2025-11-30
German_Creators,gen_alpha_kid_influencer,German Creators,,,"[""#e74c3c"", ""#ec7063""]","{""spawnRate"": 1.5, ""waveDuration"": 3, ""music"": ""german_creators_theme.mp3"", ""particleEffect"": ""kid_particles""}",2025-01-27,2025-11-30
Brand_Collabs,gen_alpha_kid_influencer,Brand Collabs,,,"[""#c0392b"", ""#e74c3c""]","{""spawnRate"": 1.6, ""waveDuration"": 3, ""music"": ""brand_collabs_theme.mp3"", ""particleEffect"": ""kid_particles""}",2025-01-27,2025-11-30
Studies_Reports,gen_alpha_kid_influencer,Studies Reports,,,"[""#e74c3c"", ""#ec7063""]","{""spawnRate"": 1.6, ""waveDuration"": 3, ""music"": ""studies_reports_theme.mp3"", ""particleEffect"": ""kid_particles""}",2025-01-27,2025-11-30
Basic_Slang,internetslang,Basic Slang,,,"[""#00a085"", ""#00b894""]","{""spawnRate"": 1.5, ""waveDuration"": 3, ""music"": ""internetslang_basic_theme.mp3"", ""particleEffect"": ""slang_particles""}",2025-01-27,2025-11-30
TikTok_Trends,internetslang,TikTok Trends,,,"[""#00b894"", ""#00c9a7""]","{""spawnRate"": 1.5, ""waveDuration"": 3, ""music"": ""tiktok_trends_theme.mp3"", ""particleEffect"": ""slang_particles""}",2025-01-27,2025-11-30
Italian_Brainrot,internetslang,Italian Brainrot,,,"[""#00a085"", ""#00b894""]","{""spawnRate"": 1.6, ""waveDuration"": 3, ""music"": ""italian_brainrot_theme.mp3"", ""particleEffect"": ""slang_particles""}",2025-01-27,2025-11-30
Meme_Culture,internetslang,Meme Culture,,,"[""#00b894"", ""#00c9a7""]","{""spawnRate"": 1.6, ""waveDuration"": 3, ""music"": ""meme_culture_theme.mp3"", ""particleEffect"": ""slang_particles""}",2025-01-27,2025-11-30
2025_Trends,internetslang,2025 Trends,,,"[""#00a085"", ""#00b894""]","{""spawnRate"": 1.6, ""waveDuration"": 3, ""music"": ""2025_trends_theme.mp3"", ""particleEffect"": ""slang_particles""}",2025-01-27,2025-11-30
Fandom_Culture,internetslang,Fandom Culture,,,"[""#00b894"", ""#00c9a7""]","{""spawnRate"": 1.5, ""waveDuration"": 3, ""music"": ""fandom_culture_theme.mp3"", ""particleEffect"": ""slang_particles""}",2025-01-27,2025-11-30
Italian,brainrot,Italian,,,"[""#e17055"", ""#fdcb6e""]","{""spawnRate"": 1.5, ""waveDuration"": 3, ""music"": ""italian_brainrot_theme.mp3"", ""particleEffect"": ""brainrot_particles""}",2025-01-27,2025-11-30
Business_Communication,business_english,Business Communication,,business_comm_bg.png,"[""#1a237e"", ""#e91e63"", ""#ff9800"", ""#00e676""]","{""spawnRate"": 1.5, ""waveDuration"": 3, ""music"": ""business_comm_theme.mp3"", ""particleEffect"": ""professional_particles""}",2025-01-27,2025-11-30
Meetings_Presentations,business_english,Meetings Presentations,,meetings_bg.png,"[""#00bcd4"", ""#ff5722"", ""#9c27b0"", ""#ffeb3b""]","{""spawnRate"": 1.6, ""waveDuration"": 3, ""music"": ""meetings_theme.mp3"", ""particleEffect"": ""presentation_sparks""}",2025-01-27,2025-11-30
Finance_Accounting,business_english,Finanz- und Rechnungswesen,,finance_bg.png,"[""#004d40"", ""#00695c"", ""#00796b"", ""#00897b""]","{""spawnRate"": 1.7, ""waveDuration"": 3, ""music"": ""finance_theme.mp3"", ""particleEffect"": ""money_particles""}",2025-01-27,2025-11-30
Management_Leadership,business_english,Management Leadership,,management_bg.png,"[""#5d4037"", ""#6d4c41"", ""#8d6e63"", ""#a1887f""]","{""spawnRate"": 1.6, ""waveDuration"": 3, ""music"": ""management_theme.mp3"", ""particleEffect"": ""leadership_glow""}",2025-01-27,2025-11-30
Marketing_Sales,business_english,Marketing Sales,,marketing_bg.png,"[""#c62828"", ""#d32f2f"", ""#e53935"", ""#ef5350""]","{""spawnRate"": 1.8, ""waveDuration"": 3, ""music"": ""marketing_theme.mp3"", ""particleEffect"": ""sales_sparks""}",2025-01-27,2025-11-30
Negotiations_Contracts,business_english,Negotiations Contracts,,negotiations_bg.png,"[""#4a148c"", ""#6a1b9a"", ""#7b1fa2"", ""#9c27b0""]","{""spawnRate"": 1.7, ""waveDuration"": 3, ""music"": ""negotiations_theme.mp3"", ""particleEffect"": ""contract_particles""}",2025-01-27,2025-11-30
EverydayLife_Home,english_cap,EverydayLife Home,,home_bg.png,"[""#3d5a3d"", ""#5a8a5a""]","{""spawnRate"": 1.5, ""waveDuration"": 3, ""music"": ""home_theme.mp3"", ""particleEffect"": ""warm_particles""}",2025-01-27,2025-11-30
Work_Office,english_cap,Work Office,,office_bg.png,"[""#4a4a6a"", ""#6a6a8a""]","{""spawnRate"": 1.8, ""waveDuration"": 3, ""music"": ""office_theme.mp3"", ""particleEffect"": ""business_sparks""}",2025-01-27,2025-11-30
Travel_Leisure,english_cap,Travel Leisure,,travel_bg.png,"[""#5a4a3a"", ""#8a6a5a""]","{""spawnRate"": 1.6, ""waveDuration"": 3, ""music"": ""travel_theme.mp3"", ""particleEffect"": ""adventure_dust""}",2025-01-27,2025-11-30
Friends_Family,english_cap,Friends Family,,friends_family_bg.png,"[""#8b4a8b"", ""#b86bb8""]","{""spawnRate"": 1.5, ""waveDuration"": 3, ""music"": ""friends_family_theme.mp3"", ""particleEffect"": ""warm_particles""}",2025-01-27,2025-11-30
Computer_Basics,technical_english,Computer Basics,,computer_basics_bg.png,"[""#001e3c"", ""#003d7a""]","{""spawnRate"": 1.5, ""waveDuration"": 3, ""music"": ""computer_basics_theme.mp3"", ""particleEffect"": ""tech_particles""}",2025-01-27,2025-11-30
Programming_Software,technical_english,Programming Software,,programming_bg.png,"[""#1a237e"", ""#283593""]","{""spawnRate"": 1.6, ""waveDuration"": 3, ""music"": ""programming_theme.mp3"", ""particleEffect"": ""code_particles""}",2025-01-27,2025-11-30
Hardware_Devices,technical_english,Hardware Devices,,hardware_bg.png,"[""#424242"", ""#616161""]","{""spawnRate"": 1.7, ""waveDuration"": 3, ""music"": ""hardware_theme.mp3"", ""particleEffect"": ""circuit_particles""}",2025-01-27,2025-11-30
Networks_Internet,technical_english,Networks Internet,,networks_bg.png,"[""#006064"", ""#00838f""]","{""spawnRate"": 1.6, ""waveDuration"": 3, ""music"": ""networks_theme.mp3"", ""particleEffect"": ""network_particles""}",2025-01-27,2025-11-30
Data_Science_AI,technical_english,Data Science AI,,ai_bg.png,"[""#4a148c"", ""#6a1b9a""]","{""spawnRate"": 1.8, ""waveDuration"": 3, ""music"": ""ai_theme.mp3"", ""particleEffect"": ""neural_particles""}",2025-01-27,2025-11-30
Cybersecurity,technical_english,Cybersecurity,,cybersecurity_bg.png,"[""#b71c1c"", ""#c62828""]","{""spawnRate"": 1.7, ""waveDuration"": 3, ""music"": ""cybersecurity_theme.mp3"", ""particleEffect"": ""shield_particles""}",2025-01-27,2025-11-30
burger,fastfood,burger,,burger_bg.png,"[""#ff6b35"", ""#f7931e""]","{""spawnRate"": 1.5, ""waveDuration"": 3, ""music"": ""burger_theme.mp3"", ""particleEffect"": ""burger_energy""}",2025-01-27,2025-11-30
pizza,fastfood,pizza,,pizza_bg.png,"[""#e74c3c"", ""#c0392b""]","{""spawnRate"": 1.5, ""waveDuration"": 3, ""music"": ""pizza_theme.mp3"", ""particleEffect"": ""pizza_energy""}",2025-01-27,2025-11-30
döner,fastfood,döner,,doener_bg.png,"[""#f39c12"", ""#e67e22""]","{""spawnRate"": 1.5, ""waveDuration"": 3, ""music"": ""doener_theme.mp3"", ""particleEffect"": ""doener_energy""}",2025-01-27,2025-11-30
pommes,fastfood,pommes,,pommes_bg.png,"[""#ffd700"", ""#ffed4e""]","{""spawnRate"": 1.5, ""waveDuration"": 3, ""music"": ""pommes_theme.mp3"", ""particleEffect"": ""pommes_energy""}",2025-01-27,2025-11-30
crime,blockbuster,crime,,,"[""#2a1a0a"", ""#4a2a1a""]","{""spawnRate"": 1.5, ""waveDuration"": 10, ""music"": ""filme_universe_theme.mp3"", ""particleEffect"": ""movie_particles""}",2025-01-27,2025-11-30
action,blockbuster,action,,,"[""#3a1a0a"", ""#5a2a1a""]","{""spawnRate"": 1.6, ""waveDuration"": 10, ""music"": ""filme_universe_theme.mp3"", ""particleEffect"": ""movie_particles""}",2025-01-27,2025-11-30
scifi,blockbuster,scifi,,,"[""#0a1a2a"", ""#1a2a4a""]","{""spawnRate"": 1.5, ""waveDuration"": 10, ""music"": ""filme_universe_theme.mp3"", ""particleEffect"": ""movie_particles""}",2025-01-27,2025-11-30
drama,blockbuster,drama,,,"[""#2a2a2a"", ""#4a4a4a""]","{""spawnRate"": 1.5, ""waveDuration"": 10, ""music"": ""filme_universe_theme.mp3"", ""particleEffect"": ""movie_particles""}",2025-01-27,2025-11-30
fantasy,blockbuster,fantasy,,,"[""#1a0a2a"", ""#2a1a4a""]","{""spawnRate"": 1.4, ""waveDuration"": 10, ""music"": ""filme_universe_theme.mp3"", ""particleEffect"": ""movie_particles""}",2025-01-27,2025-11-30
musical,blockbuster,musical,,,"[""#3a2a1a"", ""#5a4a2a""]","{""spawnRate"": 1.5, ""waveDuration"": 10, ""music"": ""filme_universe_theme.mp3"", ""particleEffect"": ""movie_particles""}",2025-01-27,2025-11-30
thriller,blockbuster,thriller,,,"[""#1a0a0a"", ""#3d1a1a""]","{""spawnRate"": 1.6, ""waveDuration"": 10, ""music"": ""filme_universe_theme.mp3"", ""particleEffect"": ""movie_particles""}",2025-01-27,2025-11-30
adventure_fantasy,blockbuster,adventure fantasy,,,"[""#1a0a2a"", ""#2a1a4a""]","{""spawnRate"": 1.5, ""waveDuration"": 10, ""music"": ""filme_universe_theme.mp3"", ""particleEffect"": ""movie_particles""}",2025-01-27,2025-11-30
animation,blockbuster,animation,,,"[""#2a3a4a"", ""#4a5a6a""]","{""spawnRate"": 1.4, ""waveDuration"": 10, ""music"": ""filme_universe_theme.mp3"", ""particleEffect"": ""movie_particles""}",2025-01-27,2025-11-30
Frozen,disney,Frozen,,,"[""#5dade2"", ""#3498db""]","{""spawnRate"": 1.5, ""waveDuration"": 3, ""music"": ""frozen_theme.mp3"", ""particleEffect"": ""disney_particles""}",2025-01-27,2025-11-30
Moana,disney,Moana,,,"[""#1abc9c"", ""#16a085""]","{""spawnRate"": 1.5, ""waveDuration"": 3, ""music"": ""moana_theme.mp3"", ""particleEffect"": ""disney_particles""}",2025-01-27,2025-11-30
Rapunzel,disney,Rapunzel,,,"[""#f39c12"", ""#e67e22""]","{""spawnRate"": 1.5, ""waveDuration"": 3, ""music"": ""rapunzel_theme.mp3"", ""particleEffect"": ""disney_particles""}",2025-01-27,2025-11-30
Encanto,disney,Encanto,,,"[""#e74c3c"", ""#c0392b""]","{""spawnRate"": 1.5, ""waveDuration"": 3, ""music"": ""encanto_theme.mp3"", ""particleEffect"": ""disney_particles""}",2025-01-27,2025-11-30
Merida,disney,Merida,,,"[""#8e44ad"", ""#7d3c98""]","{""spawnRate"": 1.5, ""waveDuration"": 3, ""music"": ""merida_theme.mp3"", ""particleEffect"": ""disney_particles""}",2025-01-27,2025-11-30
Raya,disney,Raya,,,"[""#3498db"", ""#2980b9""]","{""spawnRate"": 1.6, ""waveDuration"": 3, ""music"": ""raya_theme.mp3"", ""particleEffect"": ""disney_particles""}",2025-01-27,2025-11-30
Tiana,disney,Tiana,,,"[""#27ae60"", ""#229954""]","{""spawnRate"": 1.5, ""waveDuration"": 3, ""music"": ""tiana_theme.mp3"", ""particleEffect"": ""disney_particles""}",2025-01-27,2025-11-30
Mulan,disney,Mulan,,,"[""#d35400"", ""#ba4a00""]","{""spawnRate"": 1.5, ""waveDuration"": 3, ""music"": ""mulan_theme.mp3"", ""particleEffect"": ""disney_particles""}",2025-01-27,2025-11-30
Inside_Out,disney,Inside Out,,,"[""#f1c40f"", ""#f39c12""]","{""spawnRate"": 1.5, ""waveDuration"": 3, ""music"": ""inside_out_theme.mp3"", ""particleEffect"": ""disney_particles""}",2025-01-27,2025-11-30
Turning_Red,disney,Turning Red,,,"[""#e74c3c"", ""#c0392b""]","{""spawnRate"": 1.6, ""waveDuration"": 3, ""music"": ""turning_red_theme.mp3"", ""particleEffect"": ""disney_particles""}",2025-01-27,2025-11-30
Wish,disney,Wish,,,"[""#9b59b6"", ""#8e44ad""]","{""spawnRate"": 1.5, ""waveDuration"": 3, ""music"": ""wish_theme.mp3"", ""particleEffect"": ""disney_particles""}",2025-01-27,2025-11-30
Cinderella,disney,Cinderella,,,"[""#ecf0f1"", ""#bdc3c7""]","{""spawnRate"": 1.5, ""waveDuration"": 3, ""music"": ""cinderella_theme.mp3"", ""particleEffect"": ""disney_particles""}",2025-01-27,2025-11-30
Luca,disney,Luca,,,"[""#3498db"", ""#2980b9""]","{""spawnRate"": 1.6, ""waveDuration"": 3, ""music"": ""luca_theme.mp3"", ""particleEffect"": ""disney_particles""}",2025-01-27,2025-11-30
Ariel,disney,Ariel,,,"[""#1abc9c"", ""#16a085""]","{""spawnRate"": 1.5, ""waveDuration"": 3, ""music"": ""ariel_theme.mp3"", ""particleEffect"": ""disney_particles""}",2025-01-27,2025-11-30
Soul,disney,Soul,,,"[""#34495e"", ""#2c3e50""]","{""spawnRate"": 1.6, ""waveDuration"": 3, ""music"": ""soul_theme.mp3"", ""particleEffect"": ""disney_particles""}",2025-01-27,2025-11-30
Aladdin,disney,Aladdin,,,"[""#f39c12"", ""#e67e22""]","{""spawnRate"": 1.5, ""waveDuration"": 3, ""music"": ""aladdin_theme.mp3"", ""particleEffect"": ""disney_particles""}",2025-01-27,2025-11-30
Beauty_Beast,disney,Beauty Beast,,,"[""#8e44ad"", ""#7d3c98""]","{""spawnRate"": 1.5, ""waveDuration"": 3, ""music"": ""beauty_beast_theme.mp3"", ""particleEffect"": ""disney_particles""}",2025-01-27,2025-11-30
Zootopia,disney,Zootopia,,,"[""#27ae60"", ""#229954""]","{""spawnRate"": 1.6, ""waveDuration"": 3, ""music"": ""zootopia_theme.mp3"", ""particleEffect"": ""disney_particles""}",2025-01-27,2025-11-30
Coco,disney,Coco,,,"[""#e67e22"", ""#d35400""]","{""spawnRate"": 1.5, ""waveDuration"": 3, ""music"": ""coco_theme.mp3"", ""particleEffect"": ""disney_particles""}",2025-01-27,2025-11-30
Pocahontas,disney,Pocahontas,,,"[""#16a085"", ""#138d75""]","{""spawnRate"": 1.5, ""waveDuration"": 3, ""music"": ""pocahontas_theme.mp3"", ""particleEffect"": ""disney_particles""}",2025-01-27,2025-11-30
Elemental,disney,Elemental,,,"[""#e74c3c"", ""#c0392b""]","{""spawnRate"": 1.6, ""waveDuration"": 3, ""music"": ""elemental_theme.mp3"", ""particleEffect"": ""disney_particles""}",2025-01-27,2025-11-30
Snow_White,disney,Snow White,,,"[""#ecf0f1"", ""#bdc3c7""]","{""spawnRate"": 1.5, ""waveDuration"": 3, ""music"": ""snow_white_theme.mp3"", ""particleEffect"": ""disney_particles""}",2025-01-27,2025-11-30
Big_Hero_6,disney,Big Hero 6,,,"[""#3498db"", ""#2980b9""]","{""spawnRate"": 1.5, ""waveDuration"": 3, ""music"": ""big_hero_6_theme.mp3"", ""particleEffect"": ""disney_particles""}",2025-01-27,2025-11-30
Strange_World,disney,Strange World,,,"[""#1abc9c"", ""#16a085""]","{""spawnRate"": 1.6, ""waveDuration"": 3, ""music"": ""strange_world_theme.mp3"", ""particleEffect"": ""disney_particles""}",2025-01-27,2025-11-30
Winnie_Pooh,disney,Winnie Pooh,,,"[""#f39c12"", ""#e67e22""]","{""spawnRate"": 1.5, ""waveDuration"": 3, ""music"": ""winnie_pooh_theme.mp3"", ""particleEffect"": ""disney_particles""}",2025-01-27,2025-11-30
Descendants,disney,Descendants,,,"[""#9b59b6"", ""#8e44ad""]","{""spawnRate"": 1.6, ""waveDuration"": 3, ""music"": ""descendants_theme.mp3"", ""particleEffect"": ""disney_particles""}",2025-01-27,2025-11-30
psychological_thriller,klassiker,psychological thriller,,,"[""#2c1810"", ""#4a2c1a""]","{""spawnRate"": 1.5, ""waveDuration"": 10, ""music"": ""filme_universe_theme.mp3"", ""particleEffect"": ""movie_particles""}",2025-01-27,2025-11-30
scifi_romantic_drama,klassiker,scifi romantic drama,,,"[""#1a1a3e"", ""#2d2d5e""]","{""spawnRate"": 1.5, ""waveDuration"": 10, ""music"": ""filme_universe_theme.mp3"", ""particleEffect"": ""movie_particles""}",2025-01-27,2025-11-30
psychological_horror,klassiker,psychological horror,,,"[""#1a0a0a"", ""#3d1a1a""]","{""spawnRate"": 1.6, ""waveDuration"": 10, ""music"": ""filme_universe_theme.mp3"", ""particleEffect"": ""movie_particles""}",2025-01-27,2025-11-30
scifi_adventure,klassiker,scifi adventure,,,"[""#0a1a2a"", ""#1a2a4a""]","{""spawnRate"": 1.5, ""waveDuration"": 10, ""music"": ""filme_universe_theme.mp3"", ""particleEffect"": ""movie_particles""}",2025-01-27,2025-11-30
crime_thriller,klassiker,crime thriller,,,"[""#2a1a0a"", ""#4a2a1a""]","{""spawnRate"": 1.6, ""waveDuration"": 10, ""music"": ""filme_universe_theme.mp3"", ""particleEffect"": ""movie_particles""}",2025-01-27,2025-11-30
animated_adventure,klassiker,animated adventure,,,"[""#2a3a4a"", ""#4a5a6a""]","{""spawnRate"": 1.4, ""waveDuration"": 10, ""music"": ""filme_universe_theme.mp3"", ""particleEffect"": ""movie_particles""}",2025-01-27,2025-11-30
comedy_drama,klassiker,comedy drama,,,"[""#3a2a1a"", ""#5a4a2a""]","{""spawnRate"": 1.5, ""waveDuration"": 10, ""music"": ""filme_universe_theme.mp3"", ""particleEffect"": ""movie_particles""}",2025-01-27,2025-11-30
scifi_drama,klassiker,scifi drama,,,"[""#1a2a3a"", ""#2a3a5a""]","{""spawnRate"": 1.5, ""waveDuration"": 10, ""music"": ""filme_universe_theme.mp3"", ""particleEffect"": ""movie_particles""}",2025-01-27,2025-11-30
scifi_epic,klassiker,scifi epic,,,"[""#0a0a1a"", ""#1a1a3a""]","{""spawnRate"": 1.5, ""waveDuration"": 10, ""music"": ""filme_universe_theme.mp3"", ""particleEffect"": ""movie_particles""}",2025-01-27,2025-11-30
phase_1,mcu,phase 1,,,"[""#1a0a0a"", ""#3d1a1a""]","{""spawnRate"": 1.5, ""waveDuration"": 10, ""music"": ""filme_universe_theme.mp3"", ""particleEffect"": ""movie_particles""}",2025-01-27,2025-11-30
phase_2,mcu,phase 2,,,"[""#2a1a0a"", ""#4a2a1a""]","{""spawnRate"": 1.5, ""waveDuration"": 10, ""music"": ""filme_universe_theme.mp3"", ""particleEffect"": ""movie_particles""}",2025-01-27,2025-11-30
phase_3,mcu,phase 3,,,"[""#3a2a0a"", ""#5a4a1a""]","{""spawnRate"": 1.6, ""waveDuration"": 10, ""music"": ""filme_universe_theme.mp3"", ""particleEffect"": ""movie_particles""}",2025-01-27,2025-11-30
phase_4,mcu,phase 4,,,"[""#4a3a0a"", ""#6a5a1a""]","{""spawnRate"": 1.5, ""waveDuration"": 10, ""music"": ""filme_universe_theme.mp3"", ""particleEffect"": ""movie_particles""}",2025-01-27,2025-11-30
phase_5,mcu,phase 5,,,"[""#5a4a0a"", ""#7a6a1a""]","{""spawnRate"": 1.5, ""waveDuration"": 10, ""music"": ""filme_universe_theme.mp3"", ""particleEffect"": ""movie_particles""}",2025-01-27,2025-11-30
The_Good_Place,michael_schur,The Good Place,,,"[""#8e44ad"", ""#9b59b6""]","{""spawnRate"": 1.5, ""waveDuration"": 3, ""music"": ""the_good_place_theme.mp3"", ""particleEffect"": ""tv_particles""}",2025-01-27,2025-11-30
Brooklyn_Nine_Nine,michael_schur,Brooklyn Nine Nine,,,"[""#3498db"", ""#2980b9""]","{""spawnRate"": 1.5, ""waveDuration"": 3, ""music"": ""brooklyn_nine_nine_theme.mp3"", ""particleEffect"": ""tv_particles""}",2025-01-27,2025-11-30
The_Office,michael_schur,The Office,,,"[""#e67e22"", ""#d35400""]","{""spawnRate"": 1.5, ""waveDuration"": 3, ""music"": ""the_office_theme.mp3"", ""particleEffect"": ""tv_particles""}",2025-01-27,2025-11-30
Lucifer,neil_gaiman,Lucifer,,,"[""#c0392b"", ""#e74c3c""]","{""spawnRate"": 1.5, ""waveDuration"": 3, ""music"": ""lucifer_theme.mp3"", ""particleEffect"": ""tv_particles""}",2025-01-27,2025-11-30
bayern_muenchen,deutschland,bayern muenchen,,bayern_bg.png,"[""#DC143C"", ""#000000""]","{""spawnRate"": 1.2, ""waveDuration"": 3, ""music"": ""bayern_theme.mp3"", ""particleEffect"": ""bayern_energy""}",2025-01-27,2025-11-30
holstein_kiel,deutschland,holstein kiel,,holstein_bg.png,"[""#000080"", ""#FFD700""]","{""spawnRate"": 1.2, ""waveDuration"": 3, ""music"": ""holstein_theme.mp3"", ""particleEffect"": ""holstein_energy""}",2025-01-27,2025-11-30
leverkusen,deutschland,leverkusen,,leverkusen_bg.png,"[""#DC143C"", ""#000000""]","{""spawnRate"": 1.2, ""waveDuration"": 3, ""music"": ""leverkusen_theme.mp3"", ""particleEffect"": ""leverkusen_energy""}",2025-01-27,2025-11-30
dortmund,deutschland,dortmund,,dortmund_bg.png,"[""#FFD700"", ""#000000""]","{""spawnRate"": 1.2, ""waveDuration"": 3, ""music"": ""dortmund_theme.mp3"", ""particleEffect"": ""dortmund_energy""}",2025-01-27,2025-11-30
wm_2022,wm,wm 2022,,wm_2022_bg.png,"[""#8B0000"", ""#FFD700""]","{""spawnRate"": 1.2, ""waveDuration"": 3, ""music"": ""wm_2022_theme.mp3"", ""particleEffect"": ""wm_energy""}",2025-01-27,2025-11-30
wm_2018,wm,wm 2018,,wm_2018_bg.png,"[""#0000FF"", ""#FF0000""]","{""spawnRate"": 1.2, ""waveDuration"": 3, ""music"": ""wm_2018_theme.mp3"", ""particleEffect"": ""wm_energy""}",2025-01-27,2025-11-30
wm_2014,wm,wm 2014,,wm_2014_bg.png,"[""#FFD700"", ""#008000""]","{""spawnRate"": 1.2, ""waveDuration"": 3, ""music"": ""wm_2014_theme.mp3"", ""particleEffect"": ""wm_energy""}",2025-01-27,2025-11-30
wm_2010,wm,wm 2010,,wm_2010_bg.png,"[""#FFD700"", ""#008000""]","{""spawnRate"": 1.2, ""waveDuration"": 3, ""music"": ""wm_2010_theme.mp3"", ""particleEffect"": ""wm_energy""}",2025-01-27,2025-11-30
wm_2006,wm,wm 2006,,wm_2006_bg.png,"[""#000000"", ""#FFD700""]","{""spawnRate"": 1.2, ""waveDuration"": 3, ""music"": ""wm_2006_theme.mp3"", ""particleEffect"": ""wm_energy""}",2025-01-27,2025-11-30
wm_2002,wm,wm 2002,,wm_2002_bg.png,"[""#FF0000"", ""#0000FF""]","{""spawnRate"": 1.2, ""waveDuration"": 3, ""music"": ""wm_2002_theme.mp3"", ""particleEffect"": ""wm_energy""}",2025-01-27,2025-11-30
wm_1998,wm,wm 1998,,wm_1998_bg.png,"[""#0000FF"", ""#FF0000""]","{""spawnRate"": 1.2, ""waveDuration"": 3, ""music"": ""wm_1998_theme.mp3"", ""particleEffect"": ""wm_energy""}",2025-01-27,2025-11-30
Politische_Struktur,weimarer_republik,Politische Struktur,,politische_struktur_bg.png,"[""#1a237e"", ""#283593""]","{""spawnRate"": 1.5, ""waveDuration"": 3, ""music"": ""politik_theme.mp3"", ""particleEffect"": ""political_particles""}",2025-01-27,2025-11-30
Krisen_Konflikte,weimarer_republik,Krisen Konflikte,,krisen_konflikte_bg.png,"[""#b71c1c"", ""#c62828""]","{""spawnRate"": 1.7, ""waveDuration"": 3, ""music"": ""krisen_theme.mp3"", ""particleEffect"": ""crisis_particles""}",2025-01-27,2025-11-30
Gesellschaft_Kultur,weimarer_republik,Gesellschaft Kultur,,gesellschaft_kultur_bg.png,"[""#f57f17"", ""#fbc02d""]","{""spawnRate"": 1.4, ""waveDuration"": 3, ""music"": ""goldene_zwanziger_theme.mp3"", ""particleEffect"": ""cultural_glow""}",2025-01-27,2025-11-30
Aussenpolitik_Vertraege,weimarer_republik,Aussenpolitik Vertraege,,aussenpolitik_vertraege_bg.png,"[""#004d40"", ""#00695c""]","{""spawnRate"": 1.6, ""waveDuration"": 3, ""music"": ""diplomacy_theme.mp3"", ""particleEffect"": ""treaty_particles""}",2025-01-27,2025-11-30
Ende_Republik,weimarer_republik,Ende Republik,,ende_republik_bg.png,"[""#3e2723"", ""#5d4037""]","{""spawnRate"": 1.8, ""waveDuration"": 3, ""music"": ""niedergang_theme.mp3"", ""particleEffect"": ""dark_particles""}",2025-01-27,2025-11-30
formen,geometrie,formen,,formen_bg.png,"[""#3498db"", ""#2980b9""]","{""spawnRate"": 1.5, ""waveDuration"": 3, ""music"": ""formen_theme.mp3"", ""particleEffect"": ""formen_energy""}",2025-01-27,2025-11-30
flaechen,geometrie,flaechen,,flaechen_bg.png,"[""#e74c3c"", ""#c0392b""]","{""spawnRate"": 1.5, ""waveDuration"": 3, ""music"": ""flaechen_theme.mp3"", ""particleEffect"": ""flaechen_energy""}",2025-01-27,2025-11-30
koerper,geometrie,koerper,,koerper_bg.png,"[""#f39c12"", ""#e67e22""]","{""spawnRate"": 1.5, ""waveDuration"": 3, ""music"": ""koerper_theme.mp3"", ""particleEffect"": ""koerper_energy""}",2025-01-27,2025-11-30
winkel,geometrie,winkel,,winkel_bg.png,"[""#27ae60"", ""#2ecc71""]","{""spawnRate"": 1.5, ""waveDuration"": 3, ""music"": ""winkel_theme.mp3"", ""particleEffect"": ""winkel_energy""}",2025-01-27,2025-11-30
symmetrie,geometrie,symmetrie,,symmetrie_bg.png,"[""#e91e63"", ""#c2185b""]","{""spawnRate"": 1.5, ""waveDuration"": 3, ""music"": ""symmetrie_theme.mp3"", ""particleEffect"": ""symmetrie_energy""}",2025-01-27,2025-11-30
plus,grundrechenarten,plus,,plus_bg.png,"[""#27ae60"", ""#2ecc71""]","{""spawnRate"": 1.5, ""waveDuration"": 3, ""music"": ""plus_theme.mp3"", ""particleEffect"": ""plus_energy""}",2025-01-27,2025-11-30
minus,grundrechenarten,minus,,minus_bg.png,"[""#e74c3c"", ""#c0392b""]","{""spawnRate"": 1.5, ""waveDuration"": 3, ""music"": ""minus_theme.mp3"", ""particleEffect"": ""minus_energy""}",2025-01-27,2025-11-30
multiplikation,grundrechenarten,multiplikation,,multiplikation_bg.png,"[""#f39c12"", ""#e67e22""]","{""spawnRate"": 1.5, ""waveDuration"": 3, ""music"": ""multiplikation_theme.mp3"", ""particleEffect"": ""multiplikation_energy""}",2025-01-27,2025-11-30
division,grundrechenarten,division,,division_bg.png,"[""#9b59b6"", ""#8e44ad""]","{""spawnRate"": 1.5, ""waveDuration"": 3, ""music"": ""division_theme.mp3"", ""particleEffect"": ""division_energy""}",2025-01-27,2025-11-30
memes,reddit,memes,,reddit_memes_bg.png,"[""#ff4500"", ""#ff6b35""]","{""spawnRate"": 1.5, ""waveDuration"": 3, ""music"": ""reddit_memes_theme.mp3"", ""particleEffect"": ""meme_energy""}",2025-01-27,2025-11-30
ama,reddit,ama,,ama_bg.png,"[""#3498db"", ""#2980b9""]","{""spawnRate"": 1.5, ""waveDuration"": 3, ""music"": ""ama_theme.mp3"", ""particleEffect"": ""ama_energy""}",2025-01-27,2025-11-30
tifu,reddit,tifu,,tifu_bg.png,"[""#e74c3c"", ""#c0392b""]","{""spawnRate"": 1.5, ""waveDuration"": 3, ""music"": ""tifu_theme.mp3"", ""particleEffect"": ""tifu_energy""}",2025-01-27,2025-11-30
dance_challenges,tiktok,dance challenges,,dance_bg.png,"[""#ff0050"", ""#ff4081""]","{""spawnRate"": 1.5, ""waveDuration"": 3, ""music"": ""dance_theme.mp3"", ""particleEffect"": ""dance_energy""}",2025-01-27,2025-11-30
comedy,tiktok,comedy,,comedy_bg.png,"[""#ff6b35"", ""#f7931e""]","{""spawnRate"": 1.5, ""waveDuration"": 3, ""music"": ""comedy_theme.mp3"", ""particleEffect"": ""comedy_energy""}",2025-01-27,2025-11-30
life_hacks,tiktok,life hacks,,hacks_bg.png,"[""#3498db"", ""#2980b9""]","{""spawnRate"": 1.5, ""waveDuration"": 3, ""music"": ""hacks_theme.mp3"", ""particleEffect"": ""hacks_energy""}",2025-01-27,2025-11-30
cooking,tiktok,cooking,,cooking_bg.png,"[""#e74c3c"", ""#c0392b""]","{""spawnRate"": 1.5, ""waveDuration"": 3, ""music"": ""cooking_theme.mp3"", ""particleEffect"": ""cooking_energy""}",2025-01-27,2025-11-30
80er,charts,80er,,charts_80er_bg.png,"[""#FF8C42"", ""#FF6B35""]","{""spawnRate"": 1.6, ""waveDuration"": 3, ""music"": ""charts_80er_theme.mp3"", ""particleEffect"": ""charts_energy""}",2025-01-27,2025-11-30
mixed,emo,mixed,,emo_bg.png,"[""#4a2a4a"", ""#6a3a6a""]","{""spawnRate"": 1.6, ""waveDuration"": 3, ""music"": ""emo_theme.mp3"", ""particleEffect"": ""emo_energy""}",2025-01-27,2025-11-30
pop-punk,emo,pop-punk,,emo_pop_punk_bg.png,"[""#5a3a5a"", ""#7a4a7a""]","{""spawnRate"": 1.7, ""waveDuration"": 3, ""music"": ""emo_pop_punk_theme.mp3"", ""particleEffect"": ""pop_punk_energy""}",2025-01-27,2025-11-30
scene,emo,scene,,scene_bg.png,"[""#6a2a6a"", ""#8a3a8a""]","{""spawnRate"": 1.8, ""waveDuration"": 3, ""music"": ""scene_theme.mp3"", ""particleEffect"": ""scene_energy""}",2025-01-27,2025-11-30
mixed,metal,mixed,,metal_bg.png,"[""#1a1a1a"", ""#3a3a3a""]","{""spawnRate"": 1.5, ""waveDuration"": 3, ""music"": ""metal_theme.mp3"", ""particleEffect"": ""metal_sparks""}",2025-01-27,2025-11-30
nu-metal,metal,nu-metal,,numetal_bg.png,"[""#2a2a3a"", ""#4a4a5a""]","{""spawnRate"": 1.8, ""waveDuration"": 3, ""music"": ""numetal_theme.mp3"", ""particleEffect"": ""industrial_particles""}",2025-01-27,2025-11-30
metal,music,metal,,metal_bg.png,"[""#1a1a1a"", ""#3a3a3a""]","{""spawnRate"": 1.5, ""waveDuration"": 3, ""music"": ""metal_theme.mp3"", ""particleEffect"": ""metal_sparks""}",2025-01-27,2025-11-30
nu-metal,music,nu-metal,,numetal_bg.png,"[""#2a2a3a"", ""#4a4a5a""]","{""spawnRate"": 1.8, ""waveDuration"": 3, ""music"": ""numetal_theme.mp3"", ""particleEffect"": ""industrial_particles""}",2025-01-27,2025-11-30
punk,music,punk,,punk_bg.png,"[""#3a2a2a"", ""#5a3a3a""]","{""spawnRate"": 1.6, ""waveDuration"": 3, ""music"": ""punk_theme.mp3"", ""particleEffect"": ""punk_energy""}",2025-01-27,2025-11-30
riot_girl,music,riot girl,,riot_girl_bg.png,"[""#5a2a3a"", ""#7a3a5a""]","{""spawnRate"": 1.7, ""waveDuration"": 3, ""music"": ""riot_girl_theme.mp3"", ""particleEffect"": ""riot_energy""}",2025-01-27,2025-11-30
90er,pop,90er,,pop_90er_bg.png,"[""#FFB6C1"", ""#FF69B4""]","{""spawnRate"": 1.6, ""waveDuration"": 3, ""music"": ""pop_90er_theme.mp3"", ""particleEffect"": ""pop_energy""}",2025-01-27,2025-11-30
80er,pop,80er,,pop_80er_bg.png,"[""#FFD700"", ""#FFA500""]","{""spawnRate"": 1.6, ""waveDuration"": 3, ""music"": ""pop_80er_theme.mp3"", ""particleEffect"": ""pop_energy""}",2025-01-27,2025-11-30
mixed,punk,mixed,,punk_bg.png,"[""#3a2a2a"", ""#5a3a3a""]","{""spawnRate"": 1.6, ""waveDuration"": 3, ""music"": ""punk_theme.mp3"", ""particleEffect"": ""punk_energy""}",2025-01-27,2025-11-30
riot_girl,punk,riot girl,,riot_girl_bg.png,"[""#5a2a3a"", ""#7a3a5a""]","{""spawnRate"": 1.7, ""waveDuration"": 3, ""music"": ""riot_girl_theme.mp3"", ""particleEffect"": ""riot_energy""}",2025-01-27,2025-11-30
planet_punk,punk,planet punk,,planet_punk_bg.png,"[""#4a3a2a"", ""#6a4a3a""]","{""spawnRate"": 1.6, ""waveDuration"": 3, ""music"": ""planet_punk_theme.mp3"", ""particleEffect"": ""punk_energy""}",2025-01-27,2025-11-30
gen1,generationen,gen1,,gen1_bg.png,"[""#ff6b35"", ""#f7931e""]","{""spawnRate"": 1.5, ""waveDuration"": 3, ""music"": ""gen1_theme.mp3"", ""particleEffect"": ""pokemon_energy""}",2025-01-27,2025-11-30
gen2,generationen,gen2,,gen2_bg.png,"[""#4a90e2"", ""#7bb3f0""]","{""spawnRate"": 1.5, ""waveDuration"": 3, ""music"": ""gen2_theme.mp3"", ""particleEffect"": ""pokemon_energy""}",2025-01-27,2025-11-30
gen3,generationen,gen3,,gen3_bg.png,"[""#27ae60"", ""#2ecc71""]","{""spawnRate"": 1.5, ""waveDuration"": 3, ""music"": ""gen3_theme.mp3"", ""particleEffect"": ""pokemon_energy""}",2025-01-27,2025-11-30
gen4,generationen,gen4,,gen4_bg.png,"[""#9b59b6"", ""#8e44ad""]","{""spawnRate"": 1.5, ""waveDuration"": 3, ""music"": ""gen4_theme.mp3"", ""particleEffect"": ""pokemon_energy""}",2025-01-27,2025-11-30
gen5,generationen,gen5,,gen5_bg.png,"[""#e74c3c"", ""#c0392b""]","{""spawnRate"": 1.5, ""waveDuration"": 3, ""music"": ""gen5_theme.mp3"", ""particleEffect"": ""pokemon_energy""}",2025-01-27,2025-11-30
kanto,regionen,kanto,,kanto_bg.png,"[""#e74c3c"", ""#c0392b""]","{""spawnRate"": 1.5, ""waveDuration"": 3, ""music"": ""kanto_theme.mp3"", ""particleEffect"": ""region_energy""}",2025-01-27,2025-11-30
johto,regionen,johto,,johto_bg.png,"[""#3498db"", ""#2980b9""]","{""spawnRate"": 1.5, ""waveDuration"": 3, ""music"": ""johto_theme.mp3"", ""particleEffect"": ""region_energy""}",2025-01-27,2025-11-30
hoenn,regionen,hoenn,,hoenn_bg.png,"[""#27ae60"", ""#2ecc71""]","{""spawnRate"": 1.5, ""waveDuration"": 3, ""music"": ""hoenn_theme.mp3"", ""particleEffect"": ""region_energy""}",2025-01-27,2025-11-30
feuer,typen,feuer,,feuer_bg.png,"[""#e74c3c"", ""#c0392b""]","{""spawnRate"": 1.5, ""waveDuration"": 3, ""music"": ""feuer_theme.mp3"", ""particleEffect"": ""fire_energy""}",2025-01-27,2025-11-30
wasser,typen,wasser,,wasser_bg.png,"[""#3498db"", ""#2980b9""]","{""spawnRate"": 1.5, ""waveDuration"": 3, ""music"": ""wasser_theme.mp3"", ""particleEffect"": ""water_energy""}",2025-01-27,2025-11-30
pflanze,typen,pflanze,,pflanze_bg.png,"[""#27ae60"", ""#2ecc71""]","{""spawnRate"": 1.5, ""waveDuration"": 3, ""music"": ""pflanze_theme.mp3"", ""particleEffect"": ""grass_energy""}",2025-01-27,2025-11-30
elektro,typen,elektro,,elektro_bg.png,"[""#f39c12"", ""#e67e22""]","{""spawnRate"": 1.5, ""waveDuration"": 3, ""music"": ""elektro_theme.mp3"", ""particleEffect"": ""electric_energy""}",2025-01-27,2025-11-30
normal,typen,normal,,normal_bg.png,"[""#95a5a6"", ""#7f8c8d""]","{""spawnRate"": 1.5, ""waveDuration"": 3, ""music"": ""normal_theme.mp3"", ""particleEffect"": ""normal_energy""}",2025-01-27,2025-11-30
F00_Demenz_Alzheimer,f00_f09,F00 Demenz Alzheimer,,,"[""#2a4a6a"", ""#3a5a7a""]","{""spawnRate"": 1.5, ""waveDuration"": 3, ""music"": ""f00_demenz_alzheimer_theme.mp3"", ""particleEffect"": ""medical_particles""}",2025-01-27,2025-11-30
F01_Demenz_Vaskulaer,f00_f09,F01 Demenz Vaskulaer,,,"[""#3a4a6a"", ""#5a4a6a""]","{""spawnRate"": 1.6, ""waveDuration"": 3, ""music"": ""f01_demenz_vaskulaer_theme.mp3"", ""particleEffect"": ""medical_particles""}",2025-01-27,2025-11-30
F02_Demenz_Andere,f00_f09,F02 Demenz Andere,,,"[""#2a5a6a"", ""#4a6a7a""]","{""spawnRate"": 1.7, ""waveDuration"": 3, ""music"": ""f02_demenz_andere_theme.mp3"", ""particleEffect"": ""medical_particles""}",2025-01-27,2025-11-30
F03_Demenz_NNB,f00_f09,F03 Demenz NNB,,,"[""#3a5a6a"", ""#5a6a7a""]","{""spawnRate"": 1.5, ""waveDuration"": 3, ""music"": ""f03_demenz_nnb_theme.mp3"", ""particleEffect"": ""medical_particles""}",2025-01-27,2025-11-30
F04_Amnestisches_Syndrom,f00_f09,F04 Amnestisches Syndrom,,,"[""#2a4a7a"", ""#4a5a8a""]","{""spawnRate"": 1.6, ""waveDuration"": 3, ""music"": ""f04_amnestisches_syndrom_theme.mp3"", ""particleEffect"": ""medical_particles""}",2025-01-27,2025-11-30
F05_Delir,f00_f09,F05 Delir,,,"[""#4a3a6a"", ""#6a4a7a""]","{""spawnRate"": 1.8, ""waveDuration"": 3, ""music"": ""f05_delir_theme.mp3"", ""particleEffect"": ""medical_particles""}",2025-01-27,2025-11-30
F06_Organische_Psychosen,f00_f09,F06 Organische Psychosen,,,"[""#2a5a7a"", ""#4a6a8a""]","{""spawnRate"": 1.7, ""waveDuration"": 3, ""music"": ""f06_organische_psychosen_theme.mp3"", ""particleEffect"": ""medical_particles""}",2025-01-27,2025-11-30
F07_Persoenlichkeitsstoerung,f00_f09,F07 Persoenlichkeitsstoerung,,,"[""#3a5a7a"", ""#5a6a8a""]","{""spawnRate"": 1.6, ""waveDuration"": 3, ""music"": ""f07_persoenlichkeitsstoerung_theme.mp3"", ""particleEffect"": ""medical_particles""}",2025-01-27,2025-11-30
F09_NNB,f00_f09,F09 NNB,,,"[""#4a5a6a"", ""#6a7a8a""]","{""spawnRate"": 1.5, ""waveDuration"": 3, ""music"": ""f09_nnb_theme.mp3"", ""particleEffect"": ""medical_particles""}",2025-01-27,2025-11-30
F10_Alkohol,f10_f19,F10 Alkohol,,alkohol_bg.png,"[""#b95737"", ""#d97757""]","{""spawnRate"": 1.5, ""waveDuration"": 3, ""music"": ""alkohol_theme.mp3"", ""particleEffect"": ""medical_particles""}",2025-01-27,2025-11-30
essstoerungen,f50_f59,essstoerungen,,,"[""#b95785"", ""#d977a5""]","{""spawnRate"": 1.5, ""waveDuration"": 3, ""music"": ""medical_theme.mp3"", ""particleEffect"": ""medical_particles""}",2025-01-27,2025-11-30
schlafstoerungen,f50_f59,schlafstoerungen,,,"[""#b95785"", ""#d977a5""]","{""spawnRate"": 1.5, ""waveDuration"": 3, ""music"": ""medical_theme.mp3"", ""particleEffect"": ""medical_particles""}",2025-01-27,2025-11-30
sexuelle_funktionsstoerungen,f50_f59,sexuelle funktionsstoerungen,,,"[""#b95785"", ""#d977a5""]","{""spawnRate"": 1.5, ""waveDuration"": 3, ""music"": ""medical_theme.mp3"", ""particleEffect"": ""medical_particles""}",2025-01-27,2025-11-30
modelle_theorien,suizid,modelle theorien,,,"[""#4a0000"", ""#6a0000""]","{""spawnRate"": 1.5, ""waveDuration"": 3, ""music"": ""suizid_theme.mp3"", ""particleEffect"": ""medical_particles""}",2025-01-27,2025-11-30
Alltag_Zuhause,spanisch_cap,Alltag Zuhause,,casa_bg.png,"[""#ff6b35"", ""#f7931e""]","{""spawnRate"": 1.5, ""waveDuration"": 3, ""music"": ""casa_theme.mp3"", ""particleEffect"": ""warm_particles""}",2025-01-27,2025-11-30
Arbeit_Buero,spanisch_cap,Arbeit Buero,,oficina_bg.png,"[""#4a4a6a"", ""#6a6a8a""]","{""spawnRate"": 1.8, ""waveDuration"": 3, ""music"": ""oficina_theme.mp3"", ""particleEffect"": ""business_sparks""}",2025-01-27,2025-11-30
Reisen_Freizeit,spanisch_cap,Reisen Freizeit,,viaje_bg.png,"[""#5a4a3a"", ""#8a6a5a""]","{""spawnRate"": 1.6, ""waveDuration"": 3, ""music"": ""viaje_theme.mp3"", ""particleEffect"": ""adventure_dust""}",2025-01-27,2025-11-30
Freunde_Familie,spanisch_cap,Freunde Familie,,amigos_bg.png,"[""#8b4a8b"", ""#b86bb8""]","{""spawnRate"": 1.5, ""waveDuration"": 3, ""music"": ""amigos_theme.mp3"", ""particleEffect"": ""warm_particles""}",2025-01-27,2025-11-30
Grundlage_Rahmen,tfe,Grundlage & Rahmen,,,"[""#6b4a86"", ""#8b6aa6""]","{""spawnRate"": 1.5, ""waveDuration"": 3, ""particleEffect"": ""therapy_particles""}",2025-01-27,2025-11-30
Dyaden_Uebertragung,tfe,Dyaden & Übertragung,,,"[""#7b5a96"", ""#9b7ab6""]","{""spawnRate"": 1.5, ""waveDuration"": 3, ""particleEffect"": ""therapy_particles""}",2025-01-27,2025-11-30
Intervention_Technik,tfe,Intervention & Technik,,,"[""#8b6aa6"", ""#ab8ac6""]","{""spawnRate"": 1.5, ""waveDuration"": 3, ""particleEffect"": ""therapy_particles""}",2025-01-27,2025-11-30
Krisen_Gefaehrdungen_Pathologie,tfe,"Krisen, Gefährdungen & Pathologie",,,"[""#9b7ab6"", ""#bb9ad6""]","{""spawnRate"": 1.5, ""waveDuration"": 3, ""particleEffect"": ""therapy_particles""}",2025-01-27,2025-11-30
hunde,haustiere,hunde,,hunde_bg.png,"[""#f39c12"", ""#e67e22""]","{""spawnRate"": 1.5, ""waveDuration"": 3, ""music"": ""hunde_theme.mp3"", ""particleEffect"": ""dog_energy""}",2025-01-27,2025-11-30
katzen,haustiere,katzen,,katzen_bg.png,"[""#9b59b6"", ""#8e44ad""]","{""spawnRate"": 1.5, ""waveDuration"": 3, ""music"": ""katzen_theme.mp3"", ""particleEffect"": ""cat_energy""}",2025-01-27,2025-11-30
hamster,haustiere,hamster,,hamster_bg.png,"[""#e74c3c"", ""#c0392b""]","{""spawnRate"": 1.5, ""waveDuration"": 3, ""music"": ""hamster_theme.mp3"", ""particleEffect"": ""hamster_energy""}",2025-01-27,2025-11-30
fische,haustiere,fische,,fische_bg.png,"[""#3498db"", ""#2980b9""]","{""spawnRate"": 1.5, ""waveDuration"": 3, ""music"": ""fische_theme.mp3"", ""particleEffect"": ""fish_energy""}",2025-01-27,2025-11-30
